Time,WEST ZONE AIR SYSTEM:DesPer 1:Des Heat Mass Flow [kg/s],WEST ZONE AIR SYSTEM:DesPer 1:Des Heat Cap [W],WEST ZONE AIR SYSTEM:DesPer 1:Des Cool Mass Flow [kg/s],WEST ZONE AIR SYSTEM:DesPer 1:Des Sens Cool Cap [W],WEST ZONE AIR SYSTEM:DesPer 1:Des Tot Cool Cap [W],WEST ZONE AIR SYSTEM:DesPer 2:Des Heat Mass Flow [kg/s],WEST ZONE AIR SYSTEM:DesPer 2:Des Heat Cap [W],WEST ZONE AIR SYSTEM:DesPer 2:Des Cool Mass Flow [kg/s],WEST ZONE AIR SYSTEM:DesPer 2:Des Sens Cool Cap [W],WEST ZONE AIR SYSTEM:DesPer 2:Des Tot Cool Cap [W],EAST ZONE AIR SYSTEM:DesPer 1:Des Heat Mass Flow [kg/s],EAST ZONE AIR SYSTEM:DesPer 1:Des Heat Cap [W],EAST ZONE AIR SYSTEM:DesPer 1:Des Cool Mass Flow [kg/s],EAST ZONE AIR SYSTEM:DesPer 1:Des Sens Cool Cap [W],EAST ZONE AIR SYSTEM:DesPer 1:Des Tot Cool Cap [W],EAST ZONE AIR SYSTEM:DesPer 2:Des Heat Mass Flow [kg/s],EAST ZONE AIR SYSTEM:DesPer 2:Des Heat Cap [W],EAST ZONE AIR SYSTEM:DesPer 2:Des Cool Mass Flow [kg/s],EAST ZONE AIR SYSTEM:DesPer 2:Des Sens Cool Cap [W],EAST ZONE AIR SYSTEM:DesPer 2:Des Tot Cool Cap [W]
00:15:00,0.000000E+00,0.000000E+00,3.352645E+00,0.000000E+00,0.000000E+00,0.000000E+00,0.000000E+00,6.073646E+00,5.960037E+04,1.546666E+05,0.000000E+00,0.000000E+00,3.763113E+00,0.000000E+00,0.000000E+00,0.000000E+00,0.000000E+00,6.754290E+00,6.627949E+04,1.634729E+05
00:30:00,0.000000E+00,0.000000E+00,2.883161E+00,0.000000E+00,0.000000E+00,0.000000E+00,0.000000E+00,6.070892E+00,5.859423E+04,1.535909E+05,0.000000E+00,0.000000E+00,3.239415E+00,0.000000E+00,0.000000E+00,0.000000E+00,0.000000E+00,6.751638E+00,6.516456E+04,1.622905E+05
00:45:00,0.000000E+00,0.000000E+00,2.413678E+00,0.000000E+00,0.000000E+00,0.000000E+00,0.000000E+00,6.068126E+00,5.758887E+04,1.525159E+05,0.000000E+00,0.000000E+00,2.715718E+00,0.000000E+00,0.000000E+00,0.000000E+00,0.000000E+00,6.749049E+00,6.405109E+04,1.611103E+05
01:00:00,0.000000E+00,0.000000E+00,1.944197E+00,0.000000E+00,0.000000E+00,0.000000E+00,0.000000E+00,6.065364E+00,5.658443E+04,1.514419E+05,0.000000E+00,0.000000E+00,2.192023E+00,0.000000E+00,0.000000E+00,0.000000E+00,0.000000E+00,6.746509E+00,6.293890E+04,1.599324E+05
01:15:00,0.000000E+00,0.000000E+00,1.944166E+00,0.000000E+00,0.000000E+00,0.000000E+00,0.000000E+00,6.062631E+00,5.590708E+04,1.507041E+05,0.000000E+00,0.000000E+00,2.191992E+00,0.000000E+00,0.000000E+00,0.000000E+00,0.000000E+00,6.744005E+00,6.219043E+04,1.591282E+05
01:30:00,0.000000E+00,0.000000E+00,1.944136E+00,0.000000E+00,0.000000E+00,0.000000E+00,0.000000E+00,6.059944E+00,5.523074E+04,1.499682E+05,0.000000E+00,0.000000E+00,2.191962E+00,0.000000E+00,0.000000E+00,0.000000E+00,0.000000E+00,6.741477E+00,6.144228E+04,1.583242E+05
01:45:00,0.000000E+00,0.000000E+00,1.944107E+00,0.000000E+00,0.000000E+00,0.000000E+00,0.000000E+00,6.057327E+00,5.455560E+04,1.492345E+05,0.000000E+00,0.000000E+00,2.191934E+00,0.000000E+00,0.000000E+00,0.000000E+00,0.000000E+00,6.738973E+00,6.069488E+04,1.575212E+05
02:00:00,0.000000E+00,0.000000E+00,1.944079E+00,0.000000E+00,0.000000E+00,0.000000E+00,0.000000E+00,6.054834E+00,5.388214E+04,1.485046E+05,0.000000E+00,0.000000E+00,2.191906E+00,0.000000E+00,0.000000E+00,0.000000E+00,0.000000E+00,6.736504E+00,5.994834E+04,1.567197E+05
02:15:00,0.000000E+00,0.000000E+00,1.944053E+00,0.000000E+00,0.000000E+00,0.000000E+00,0.000000E+00,6.052413E+00,5.337252E+04,1.479440E+05,0.000000E+00,0.000000E+00,2.191880E+00,0.000000E+00,0.000000E+00,0.000000E+00,0.000000E+00,6.734073E+00,5.938367E+04,1.561055E+05
02:30:00,0.000000E+00,0.000000E+00,1.944028E+00,0.000000E+00,0.000000E+00,0.000000E+00,0.000000E+00,6.050046E+00,5.286378E+04,1.473851E+05,0.000000E+00,0.000000E+00,2.191855E+00,0.000000E+00,0.000000E+00,0.000000E+00,0.000000E+00,6.731690E+00,5.881981E+04,1.554928E+05
02:45:00,0.000000E+00,0.000000E+00,1.944003E+00,0.000000E+00,0.000000E+00,0.000000E+00,0.000000E+00,6.047713E+00,5.235571E+04,1.468274E+05,0.000000E+00,0.000000E+00,2.191831E+00,0.000000E+00,0.000000E+00,0.000000E+00,0.000000E+00,6.729383E+00,5.825699E+04,1.548821E+05
03:00:00,0.000000E+00,0.000000E+00,1.943980E+00,0.000000E+00,0.000000E+00,0.000000E+00,0.000000E+00,6.045358E+00,5.184782E+04,1.462696E+05,0.000000E+00,0.000000E+00,2.191807E+00,0.000000E+00,0.000000E+00,0.000000E+00,0.000000E+00,6.727028E+00,5.769414E+04,1.542708E+05
03:15:00,0.000000E+00,0.000000E+00,1.943958E+00,0.000000E+00,0.000000E+00,0.000000E+00,0.000000E+00,6.043013E+00,5.134040E+04,1.457124E+05,0.000000E+00,0.000000E+00,2.191785E+00,0.000000E+00,0.000000E+00,0.000000E+00,0.000000E+00,6.724619E+00,5.713121E+04,1.536587E+05
03:30:00,0.000000E+00,0.000000E+00,1.943936E+00,0.000000E+00,0.000000E+00,0.000000E+00,0.000000E+00,6.040683E+00,5.083349E+04,1.451560E+05,0.000000E+00,0.000000E+00,2.191764E+00,0.000000E+00,0.000000E+00,0.000000E+00,0.000000E+00,6.722132E+00,5.656801E+04,1.530452E+05
03:45:00,0.000000E+00,0.000000E+00,1.943916E+00,0.000000E+00,0.000000E+00,0.000000E+00,0.000000E+00,6.038377E+00,5.032715E+04,1.446004E+05,0.000000E+00,0.000000E+00,2.191743E+00,0.000000E+00,0.000000E+00,0.000000E+00,0.000000E+00,6.719530E+00,5.600425E+04,1.524294E+05
04:00:00,0.000000E+00,0.000000E+00,1.943896E+00,0.000000E+00,0.000000E+00,0.000000E+00,0.000000E+00,6.036113E+00,4.982153E+04,1.440464E+05,0.000000E+00,0.000000E+00,2.191723E+00,0.000000E+00,0.000000E+00,0.000000E+00,0.000000E+00,6.716929E+00,5.544092E+04,1.518142E+05
04:15:00,0.000000E+00,0.000000E+00,1.943877E+00,0.000000E+00,0.000000E+00,0.000000E+00,0.000000E+00,6.033848E+00,4.947845E+04,1.436592E+05,0.000000E+00,0.000000E+00,2.191704E+00,0.000000E+00,0.000000E+00,0.000000E+00,0.000000E+00,6.714332E+00,5.505852E+04,1.513848E+05
04:30:00,0.000000E+00,0.000000E+00,1.943858E+00,0.000000E+00,0.000000E+00,0.000000E+00,0.000000E+00,6.031546E+00,4.913531E+04,1.432714E+05,0.000000E+00,0.000000E+00,2.191686E+00,0.000000E+00,0.000000E+00,0.000000E+00,0.000000E+00,6.711754E+00,5.467656E+04,1.509561E+05
04:45:00,0.000000E+00,0.000000E+00,1.943840E+00,0.000000E+00,0.000000E+00,0.000000E+00,0.000000E+00,6.029194E+00,4.879203E+04,1.428826E+05,0.000000E+00,0.000000E+00,2.191668E+00,0.000000E+00,0.000000E+00,0.000000E+00,0.000000E+00,6.709203E+00,5.429509E+04,1.505283E+05
05:00:00,0.000000E+00,0.000000E+00,1.943823E+00,0.000000E+00,0.000000E+00,0.000000E+00,0.000000E+00,6.026775E+00,4.844845E+04,1.424925E+05,0.000000E+00,0.000000E+00,2.191651E+00,0.000000E+00,0.000000E+00,0.000000E+00,0.000000E+00,6.706686E+00,5.391417E+04,1.501015E+05
05:15:00,0.000000E+00,0.000000E+00,1.943807E+00,0.000000E+00,0.000000E+00,0.000000E+00,0.000000E+00,6.024456E+00,4.875369E+04,1.427703E+05,0.000000E+00,0.000000E+00,2.191635E+00,0.000000E+00,0.000000E+00,0.000000E+00,0.000000E+00,6.704360E+00,5.425589E+04,1.504196E+05
05:30:00,0.000000E+00,0.000000E+00,1.943791E+00,0.000000E+00,0.000000E+00,0.000000E+00,0.000000E+00,6.022732E+00,4.906351E+04,1.430620E+05,0.000000E+00,0.000000E+00,2.191619E+00,0.000000E+00,0.000000E+00,0.000000E+00,0.000000E+00,6.702798E+00,5.460360E+04,1.507547E+05
05:45:00,0.000000E+00,0.000000E+00,1.943776E+00,0.000000E+00,0.000000E+00,0.000000E+00,0.000000E+00,6.021983E+00,4.938116E+04,1.433767E+05,0.000000E+00,0.000000E+00,2.191603E+00,0.000000E+00,0.000000E+00,0.000000E+00,0.000000E+00,6.702522E+00,5.496168E+04,1.511185E+05
06:00:00,0.000000E+00,0.000000E+00,1.943761E+00,0.000000E+00,0.000000E+00,0.000000E+00,0.000000E+00,6.022099E+00,4.970585E+04,1.437119E+05,0.000000E+00,0.000000E+00,2.191589E+00,0.000000E+00,0.000000E+00,0.000000E+00,0.000000E+00,6.703702E+00,5.533174E+04,1.515152E+05
06:15:00,0.000000E+00,0.000000E+00,2.334953E+00,0.000000E+00,0.000000E+00,0.000000E+00,0.000000E+00,6.023553E+00,5.085124E+04,1.449106E+05,0.000000E+00,0.000000E+00,2.627959E+00,0.000000E+00,0.000000E+00,0.000000E+00,0.000000E+00,6.705902E+00,5.661168E+04,1.528608E+05
06:30:00,0.000000E+00,0.000000E+00,2.726145E+00,0.000000E+00,0.000000E+00,0.000000E+00,0.000000E+00,6.026122E+00,5.200680E+04,1.461368E+05,0.000000E+00,0.000000E+00,3.064331E+00,0.000000E+00,0.000000E+00,0.000000E+00,0.000000E+00,6.709264E+00,5.790248E+04,1.542339E+05
06:45:00,0.000000E+00,0.000000E+00,3.117339E+00,0.000000E+00,0.000000E+00,0.000000E+00,0.000000E+00,6.029599E+00,5.317134E+04,1.473863E+05,0.000000E+00,0.000000E+00,3.500702E+00,0.000000E+00,0.000000E+00,0.000000E+00,0.000000E+00,6.713434E+00,5.920166E+04,1.556270E+05
07:00:00,0.000000E+00,0.000000E+00,3.508532E+00,0.000000E+00,0.000000E+00,0.000000E+00,0.000000E+00,6.034220E+00,5.434749E+04,1.486653E+05,0.000000E+00,0.000000E+00,3.937075E+00,0.000000E+00,0.000000E+00,0.000000E+00,0.000000E+00,6.718413E+00,6.050970E+04,1.570406E+05
07:15:00,0.000000E+00,0.000000E+00,3.508520E+00,0.000000E+00,0.000000E+00,0.000000E+00,0.000000E+00,6.039553E+00,5.715535E+04,1.516310E+05,0.000000E+00,0.000000E+00,3.937062E+00,0.000000E+00,0.000000E+00,0.000000E+00,0.000000E+00,6.724707E+00,6.363931E+04,1.603436E+05
07:30:00,0.000000E+00,0.000000E+00,3.508508E+00,0.000000E+00,0.000000E+00,0.000000E+00,0.000000E+00,6.045562E+00,5.997479E+04,1.546189E+05,0.000000E+00,0.000000E+00,3.937050E+00,0.000000E+00,0.000000E+00,0.000000E+00,0.000000E+00,6.731744E+00,6.678204E+04,1.636705E+05
07:45:00,0.000000E+00,0.000000E+00,3.508496E+00,0.000000E+00,0.000000E+00,0.000000E+00,0.000000E+00,6.052410E+00,6.280843E+04,1.576344E+05,0.000000E+00,0.000000E+00,3.937039E+00,0.000000E+00,0.000000E+00,0.000000E+00,0.000000E+00,6.739475E+00,6.993841E+04,1.670213E+05
08:00:00,0.000000E+00,0.000000E+00,3.508485E+00,0.000000E+00,0.000000E+00,0.000000E+00,0.000000E+00,6.060074E+00,6.565718E+04,1.606779E+05,0.000000E+00,0.000000E+00,3.937028E+00,0.000000E+00,0.000000E+00,0.000000E+00,0.000000E+00,6.748254E+00,7.311318E+04,1.704057E+05
08:15:00,0.000000E+00,0.000000E+00,3.899681E+00,0.000000E+00,0.000000E+00,0.000000E+00,0.000000E+00,6.068487E+00,6.884763E+04,1.640839E+05,0.000000E+00,0.000000E+00,4.373402E+00,0.000000E+00,0.000000E+00,0.000000E+00,0.000000E+00,6.757984E+00,7.667004E+04,1.741960E+05
08:30:00,0.000000E+00,0.000000E+00,4.290877E+00,0.000000E+00,0.000000E+00,0.000000E+00,0.000000E+00,6.077509E+00,7.205388E+04,1.675156E+05,0.000000E+00,0.000000E+00,4.809777E+00,0.000000E+00,0.000000E+00,0.000000E+00,0.000000E+00,6.768655E+00,8.024798E+04,1.780212E+05
08:45:00,0.000000E+00,0.000000E+00,4.682073E+00,0.000000E+00,0.000000E+00,0.000000E+00,0.000000E+00,6.086831E+00,7.527306E+04,1.709650E+05,0.000000E+00,0.000000E+00,5.246152E+00,0.000000E+00,0.000000E+00,0.000000E+00,0.000000E+00,6.780236E+00,8.384808E+04,1.818820E+05
09:00:00,0.000000E+00,0.000000E+00,5.073270E+00,0.000000E+00,0.000000E+00,0.000000E+00,0.000000E+00,6.096355E+00,7.850437E+04,1.744300E+05,0.000000E+00,0.000000E+00,5.682527E+00,0.000000E+00,0.000000E+00,0.000000E+00,0.000000E+00,6.792259E+00,8.746570E+04,1.857670E+05
09:15:00,0.000000E+00,0.000000E+00,5.076578E+00,0.000000E+00,0.000000E+00,0.000000E+00,0.000000E+00,6.108622E+00,8.145372E+04,1.776478E+05,0.000000E+00,0.000000E+00,5.685859E+00,0.000000E+00,0.000000E+00,0.000000E+00,0.000000E+00,6.807279E+00,9.076977E+04,1.893725E+05
09:30:00,0.000000E+00,0.000000E+00,5.080793E+00,0.000000E+00,0.000000E+00,0.000000E+00,0.000000E+00,6.121602E+00,8.442413E+04,1.808980E+05,0.000000E+00,0.000000E+00,5.690106E+00,0.000000E+00,0.000000E+00,0.000000E+00,0.000000E+00,6.823233E+00,9.410044E+04,1.930183E+05
09:45:00,0.000000E+00,0.000000E+00,5.085421E+00,0.000000E+00,0.000000E+00,0.000000E+00,0.000000E+00,6.134854E+00,8.741026E+04,1.841687E+05,0.000000E+00,0.000000E+00,5.694766E+00,0.000000E+00,0.000000E+00,0.000000E+00,0.000000E+00,6.839633E+00,9.745205E+04,1.966921E+05
10:00:00,0.000000E+00,0.000000E+00,5.090347E+00,0.000000E+00,0.000000E+00,0.000000E+00,0.000000E+00,6.148197E+00,9.040986E+04,1.874545E+05,0.000000E+00,0.000000E+00,5.699723E+00,0.000000E+00,0.000000E+00,0.000000E+00,0.000000E+00,6.856261E+00,1.008220E+05,2.003878E+05
10:15:00,0.000000E+00,0.000000E+00,5.092356E+00,0.000000E+00,0.000000E+00,0.000000E+00,0.000000E+00,6.158964E+00,9.305148E+04,1.903330E+05,0.000000E+00,0.000000E+00,5.701741E+00,0.000000E+00,0.000000E+00,0.000000E+00,0.000000E+00,6.870398E+00,1.038000E+05,2.036458E+05
10:30:00,0.000000E+00,0.000000E+00,5.093652E+00,0.000000E+00,0.000000E+00,0.000000E+00,0.000000E+00,6.168849E+00,9.568811E+04,1.931930E+05,0.000000E+00,0.000000E+00,5.703039E+00,0.000000E+00,0.000000E+00,0.000000E+00,0.000000E+00,6.883695E+00,1.067764E+05,2.068904E+05
10:45:00,0.000000E+00,0.000000E+00,5.094671E+00,0.000000E+00,0.000000E+00,0.000000E+00,0.000000E+00,6.178096E+00,9.832254E+04,1.960407E+05,0.000000E+00,0.000000E+00,5.704059E+00,0.000000E+00,0.000000E+00,0.000000E+00,0.000000E+00,6.896357E+00,1.097534E+05,2.101265E+05
11:00:00,0.000000E+00,0.000000E+00,5.095501E+00,0.000000E+00,0.000000E+00,0.000000E+00,0.000000E+00,6.186746E+00,1.009547E+05,1.988770E+05,0.000000E+00,0.000000E+00,5.704889E+00,0.000000E+00,0.000000E+00,0.000000E+00,0.000000E+00,6.908393E+00,1.127305E+05,2.133539E+05
11:15:00,0.000000E+00,0.000000E+00,5.096196E+00,0.000000E+00,0.000000E+00,0.000000E+00,0.000000E+00,6.194781E+00,1.027510E+05,2.008453E+05,0.000000E+00,0.000000E+00,5.705584E+00,0.000000E+00,0.000000E+00,0.000000E+00,0.000000E+00,6.919747E+00,1.147758E+05,2.156147E+05
11:30:00,0.000000E+00,0.000000E+00,5.096822E+00,0.000000E+00,0.000000E+00,0.000000E+00,0.000000E+00,6.202193E+00,1.045411E+05,2.027978E+05,0.000000E+00,0.000000E+00,5.706209E+00,0.000000E+00,0.000000E+00,0.000000E+00,0.000000E+00,6.930378E+00,1.168150E+05,2.178591E+05
11:45:00,0.000000E+00,0.000000E+00,5.097398E+00,0.000000E+00,0.000000E+00,0.000000E+00,0.000000E+00,6.208994E+00,1.063247E+05,2.047342E+05,0.000000E+00,0.000000E+00,5.706785E+00,0.000000E+00,0.000000E+00,0.000000E+00,0.000000E+00,6.940273E+00,1.188473E+05,2.200861E+05
12:00:00,0.000000E+00,0.000000E+00,5.097917E+00,0.000000E+00,0.000000E+00,0.000000E+00,0.000000E+00,6.215174E+00,1.081011E+05,2.066537E+05,0.000000E+00,0.000000E+00,5.707304E+00,0.000000E+00,0.000000E+00,0.000000E+00,0.000000E+00,6.949394E+00,1.208715E+05,2.222938E+05
12:15:00,0.000000E+00,0.000000E+00,5.098057E+00,0.000000E+00,0.000000E+00,0.000000E+00,0.000000E+00,6.220435E+00,1.095303E+05,2.082024E+05,0.000000E+00,0.000000E+00,5.707441E+00,0.000000E+00,0.000000E+00,0.000000E+00,0.000000E+00,6.957418E+00,1.225072E+05,2.240869E+05
12:30:00,0.000000E+00,0.000000E+00,5.098065E+00,0.000000E+00,0.000000E+00,0.000000E+00,0.000000E+00,6.225026E+00,1.109497E+05,2.097308E+05,0.000000E+00,0.000000E+00,5.707447E+00,0.000000E+00,0.000000E+00,0.000000E+00,0.000000E+00,6.964573E+00,1.241308E+05,2.258554E+05
12:45:00,0.000000E+00,0.000000E+00,5.097997E+00,0.000000E+00,0.000000E+00,0.000000E+00,0.000000E+00,6.228991E+00,1.123599E+05,2.112400E+05,0.000000E+00,0.000000E+00,5.707376E+00,0.000000E+00,0.000000E+00,0.000000E+00,0.000000E+00,6.970887E+00,1.257424E+05,2.275996E+05
13:00:00,0.000000E+00,0.000000E+00,5.097891E+00,0.000000E+00,0.000000E+00,0.000000E+00,0.000000E+00,6.232338E+00,1.137605E+05,2.127299E+05,0.000000E+00,0.000000E+00,5.707266E+00,0.000000E+00,0.000000E+00,0.000000E+00,0.000000E+00,6.976350E+00,1.273411E+05,2.293187E+05
13:15:00,0.000000E+00,0.000000E+00,5.097372E+00,0.000000E+00,0.000000E+00,0.000000E+00,0.000000E+00,6.234717E+00,1.146418E+05,2.136716E+05,0.000000E+00,0.000000E+00,5.706742E+00,0.000000E+00,0.000000E+00,0.000000E+00,0.000000E+00,6.980583E+00,1.283566E+05,2.304213E+05
13:30:00,0.000000E+00,0.000000E+00,5.096711E+00,0.000000E+00,0.000000E+00,0.000000E+00,0.000000E+00,6.236363E+00,1.155103E+05,2.145888E+05,0.000000E+00,0.000000E+00,5.706074E+00,0.000000E+00,0.000000E+00,0.000000E+00,0.000000E+00,6.983810E+00,1.293545E+05,2.314918E+05
13:45:00,0.000000E+00,0.000000E+00,5.095993E+00,0.000000E+00,0.000000E+00,0.000000E+00,0.000000E+00,6.237322E+00,1.163663E+05,2.154827E+05,0.000000E+00,0.000000E+00,5.705349E+00,0.000000E+00,0.000000E+00,0.000000E+00,0.000000E+00,6.986064E+00,1.303352E+05,2.325308E+05
14:00:00,0.000000E+00,0.000000E+00,5.095229E+00,0.000000E+00,0.000000E+00,0.000000E+00,0.000000E+00,6.237620E+00,1.172102E+05,2.163540E+05,0.000000E+00,0.000000E+00,5.704579E+00,0.000000E+00,0.000000E+00,0.000000E+00,0.000000E+00,6.987371E+00,1.312987E+05,2.335387E+05
14:15:00,0.000000E+00,0.000000E+00,5.095321E+00,0.000000E+00,0.000000E+00,0.000000E+00,0.000000E+00,6.238079E+00,1.172188E+05,2.163699E+05,0.000000E+00,0.000000E+00,5.704669E+00,0.000000E+00,0.000000E+00,0.000000E+00,0.000000E+00,6.988559E+00,1.313210E+05,2.335785E+05
14:30:00,0.000000E+00,0.000000E+00,5.095640E+00,0.000000E+00,0.000000E+00,0.000000E+00,0.000000E+00,6.238101E+00,1.172193E+05,2.163707E+05,0.000000E+00,0.000000E+00,5.704989E+00,0.000000E+00,0.000000E+00,0.000000E+00,0.000000E+00,6.989017E+00,1.313296E+05,2.335938E+05
14:45:00,0.000000E+00,0.000000E+00,5.096048E+00,0.000000E+00,0.000000E+00,0.000000E+00,0.000000E+00,6.237587E+00,1.172096E+05,2.163529E+05,0.000000E+00,0.000000E+00,5.705399E+00,0.000000E+00,0.000000E+00,0.000000E+00,0.000000E+00,6.988637E+00,1.313225E+05,2.335811E+05
15:00:00,0.000000E+00,0.000000E+00,5.096523E+00,0.000000E+00,0.000000E+00,0.000000E+00,0.000000E+00,6.236509E+00,1.171893E+05,2.163155E+05,0.000000E+00,0.000000E+00,5.705876E+00,0.000000E+00,0.000000E+00,0.000000E+00,0.000000E+00,6.987379E+00,1.312988E+05,2.335390E+05
15:15:00,0.000000E+00,0.000000E+00,5.097066E+00,0.000000E+00,0.000000E+00,0.000000E+00,0.000000E+00,6.234848E+00,1.161526E+05,2.152251E+05,0.000000E+00,0.000000E+00,5.706421E+00,0.000000E+00,0.000000E+00,0.000000E+00,0.000000E+00,6.985223E+00,1.301317E+05,2.323099E+05
15:30:00,0.000000E+00,0.000000E+00,5.097643E+00,0.000000E+00,0.000000E+00,0.000000E+00,0.000000E+00,6.232587E+00,1.151053E+05,2.141147E+05,0.000000E+00,0.000000E+00,5.707002E+00,0.000000E+00,0.000000E+00,0.000000E+00,0.000000E+00,6.982149E+00,1.289484E+05,2.310512E+05
15:45:00,0.000000E+00,0.000000E+00,5.098246E+00,0.000000E+00,0.000000E+00,0.000000E+00,0.000000E+00,6.229735E+00,1.140479E+05,2.129849E+05,0.000000E+00,0.000000E+00,5.707608E+00,0.000000E+00,0.000000E+00,0.000000E+00,0.000000E+00,6.978172E+00,1.277495E+05,2.297638E+05
16:00:00,0.000000E+00,0.000000E+00,5.098871E+00,0.000000E+00,0.000000E+00,0.000000E+00,0.000000E+00,6.226302E+00,1.129808E+05,2.118363E+05,0.000000E+00,0.000000E+00,5.708235E+00,0.000000E+00,0.000000E+00,0.000000E+00,0.000000E+00,6.973308E+00,1.265358E+05,2.284486E+05
16:15:00,0.000000E+00,0.000000E+00,5.099140E+00,0.000000E+00,0.000000E+00,0.000000E+00,0.000000E+00,6.222028E+00,1.115653E+05,2.103168E+05,0.000000E+00,0.000000E+00,5.708506E+00,0.000000E+00,0.000000E+00,0.000000E+00,0.000000E+00,6.967310E+00,1.249287E+05,2.267135E+05
16:30:00,0.000000E+00,0.000000E+00,5.099332E+00,0.000000E+00,0.000000E+00,0.000000E+00,0.000000E+00,6.217205E+00,1.101419E+05,2.087807E+05,0.000000E+00,0.000000E+00,5.708698E+00,0.000000E+00,0.000000E+00,0.000000E+00,0.000000E+00,6.960491E+00,1.233097E+05,2.249545E+05
16:45:00,0.000000E+00,0.000000E+00,5.099489E+00,0.000000E+00,0.000000E+00,0.000000E+00,0.000000E+00,6.211896E+00,1.087120E+05,2.072306E+05,0.000000E+00,0.000000E+00,5.708855E+00,0.000000E+00,0.000000E+00,0.000000E+00,0.000000E+00,6.952931E+00,1.216806E+05,2.231746E+05
17:00:00,0.000000E+00,0.000000E+00,5.099618E+00,0.000000E+00,0.000000E+00,0.000000E+00,0.000000E+00,6.206125E+00,1.072764E+05,2.056676E+05,0.000000E+00,0.000000E+00,5.708985E+00,0.000000E+00,0.000000E+00,0.000000E+00,0.000000E+00,6.944661E+00,1.200425E+05,2.213755E+05
17:15:00,0.000000E+00,0.000000E+00,5.096037E+00,0.000000E+00,0.000000E+00,0.000000E+00,0.000000E+00,6.196782E+00,1.054493E+05,2.036473E+05,0.000000E+00,0.000000E+00,5.705376E+00,0.000000E+00,0.000000E+00,0.000000E+00,0.000000E+00,6.932541E+00,1.179695E+05,2.190754E+05
17:30:00,0.000000E+00,0.000000E+00,5.091424E+00,0.000000E+00,0.000000E+00,0.000000E+00,0.000000E+00,6.186212E+00,1.036065E+05,2.015922E+05,0.000000E+00,0.000000E+00,5.700728E+00,0.000000E+00,0.000000E+00,0.000000E+00,0.000000E+00,6.918964E+00,1.158787E+05,2.167364E+05
17:45:00,0.000000E+00,0.000000E+00,5.086340E+00,0.000000E+00,0.000000E+00,0.000000E+00,0.000000E+00,6.174857E+00,1.017566E+05,1.995176E+05,0.000000E+00,0.000000E+00,5.695608E+00,0.000000E+00,0.000000E+00,0.000000E+00,0.000000E+00,6.904413E+00,1.137790E+05,2.143746E+05
18:00:00,0.000000E+00,0.000000E+00,5.080912E+00,0.000000E+00,0.000000E+00,0.000000E+00,0.000000E+00,6.162906E+00,9.990304E+04,1.974301E+05,0.000000E+00,0.000000E+00,5.690145E+00,0.000000E+00,0.000000E+00,0.000000E+00,0.000000E+00,6.889108E+00,1.116750E+05,2.119976E+05
18:15:00,0.000000E+00,0.000000E+00,4.765985E+00,0.000000E+00,0.000000E+00,0.000000E+00,0.000000E+00,6.153597E+00,9.727102E+04,1.945839E+05,0.000000E+00,0.000000E+00,5.339066E+00,0.000000E+00,0.000000E+00,0.000000E+00,0.000000E+00,6.876362E+00,1.086959E+05,2.087581E+05
18:30:00,0.000000E+00,0.000000E+00,4.451901E+00,0.000000E+00,0.000000E+00,0.000000E+00,0.000000E+00,6.144736E+00,9.465339E+04,1.917592E+05,0.000000E+00,0.000000E+00,4.988839E+00,0.000000E+00,0.000000E+00,0.000000E+00,0.000000E+00,6.863981E+00,1.057326E+05,2.055399E+05
18:45:00,0.000000E+00,0.000000E+00,4.138144E+00,0.000000E+00,0.000000E+00,0.000000E+00,0.000000E+00,6.136064E+00,9.204574E+04,1.889478E+05,0.000000E+00,0.000000E+00,4.638940E+00,0.000000E+00,0.000000E+00,0.000000E+00,0.000000E+00,6.851732E+00,1.027813E+05,2.023360E+05
19:00:00,0.000000E+00,0.000000E+00,3.824636E+00,0.000000E+00,0.000000E+00,0.000000E+00,0.000000E+00,6.127705E+00,8.944967E+04,1.861531E+05,0.000000E+00,0.000000E+00,4.289291E+00,0.000000E+00,0.000000E+00,0.000000E+00,0.000000E+00,6.839793E+00,9.984442E+04,1.991512E+05
19:15:00,0.000000E+00,0.000000E+00,3.824237E+00,0.000000E+00,0.000000E+00,0.000000E+00,0.000000E+00,6.120123E+00,8.752940E+04,1.840644E+05,0.000000E+00,0.000000E+00,4.288894E+00,0.000000E+00,0.000000E+00,0.000000E+00,0.000000E+00,6.828722E+00,9.766371E+04,1.967553E+05
19:30:00,0.000000E+00,0.000000E+00,3.823936E+00,0.000000E+00,0.000000E+00,0.000000E+00,0.000000E+00,6.113909E+00,8.563276E+04,1.820209E+05,0.000000E+00,0.000000E+00,4.288594E+00,0.000000E+00,0.000000E+00,0.000000E+00,0.000000E+00,6.819221E+00,9.551151E+04,1.944108E+05
19:45:00,0.000000E+00,0.000000E+00,3.823704E+00,0.000000E+00,0.000000E+00,0.000000E+00,0.000000E+00,6.109283E+00,8.376157E+04,1.800281E+05,0.000000E+00,0.000000E+00,4.288365E+00,0.000000E+00,0.000000E+00,0.000000E+00,0.000000E+00,6.811559E+00,9.339017E+04,1.921240E+05
20:00:00,0.000000E+00,0.000000E+00,3.823500E+00,0.000000E+00,0.000000E+00,0.000000E+00,0.000000E+00,6.106165E+00,8.191336E+04,1.780820E+05,0.000000E+00,0.000000E+00,4.288163E+00,0.000000E+00,0.000000E+00,0.000000E+00,0.000000E+00,6.805668E+00,9.129710E+04,1.898912E+05
20:15:00,0.000000E+00,0.000000E+00,3.823321E+00,0.000000E+00,0.000000E+00,0.000000E+00,0.000000E+00,6.104192E+00,8.041017E+04,1.765079E+05,0.000000E+00,0.000000E+00,4.287985E+00,0.000000E+00,0.000000E+00,0.000000E+00,0.000000E+00,6.801161E+00,8.959131E+04,1.880758E+05
20:30:00,0.000000E+00,0.000000E+00,3.823166E+00,0.000000E+00,0.000000E+00,0.000000E+00,0.000000E+00,6.102780E+00,7.891519E+04,1.749508E+05,0.000000E+00,0.000000E+00,4.287832E+00,0.000000E+00,0.000000E+00,0.000000E+00,0.000000E+00,6.797413E+00,8.789750E+04,1.862833E+05
20:45:00,0.000000E+00,0.000000E+00,3.823031E+00,0.000000E+00,0.000000E+00,0.000000E+00,0.000000E+00,6.101608E+00,7.742393E+04,1.734013E+05,0.000000E+00,0.000000E+00,4.287699E+00,0.000000E+00,0.000000E+00,0.000000E+00,0.000000E+00,6.794097E+00,8.621100E+04,1.845045E+05
21:00:00,0.000000E+00,0.000000E+00,3.822912E+00,0.000000E+00,0.000000E+00,0.000000E+00,0.000000E+00,6.100515E+00,7.593422E+04,1.718546E+05,0.000000E+00,0.000000E+00,4.287582E+00,0.000000E+00,0.000000E+00,0.000000E+00,0.000000E+00,6.791061E+00,8.452958E+04,1.827348E+05
21:15:00,0.000000E+00,0.000000E+00,3.822808E+00,0.000000E+00,0.000000E+00,0.000000E+00,0.000000E+00,6.099368E+00,7.444439E+04,1.703069E+05,0.000000E+00,0.000000E+00,4.287479E+00,0.000000E+00,0.000000E+00,0.000000E+00,0.000000E+00,6.788176E+00,8.285148E+04,1.809707E+05
21:30:00,0.000000E+00,0.000000E+00,3.822715E+00,0.000000E+00,0.000000E+00,0.000000E+00,0.000000E+00,6.098080E+00,7.295343E+04,1.687559E+05,0.000000E+00,0.000000E+00,4.287388E+00,0.000000E+00,0.000000E+00,0.000000E+00,0.000000E+00,6.785349E+00,8.117546E+04,1.792095E+05
21:45:00,0.000000E+00,0.000000E+00,3.822631E+00,0.000000E+00,0.000000E+00,0.000000E+00,0.000000E+00,6.096608E+00,7.146093E+04,1.672004E+05,0.000000E+00,0.000000E+00,4.287306E+00,0.000000E+00,0.000000E+00,0.000000E+00,0.000000E+00,6.782534E+00,7.950096E+04,1.774500E+05
22:00:00,0.000000E+00,0.000000E+00,3.822556E+00,0.000000E+00,0.000000E+00,0.000000E+00,0.000000E+00,6.094934E+00,6.996682E+04,1.656403E+05,0.000000E+00,0.000000E+00,4.287232E+00,0.000000E+00,0.000000E+00